category,topic_id,date,topic_name,question_type,question
【5月新题】Part1（17道）,1,5.28,Teachers,Part1,Do you have a favorite teacher?
【5月新题】Part1（17道）,1,5.28,Teachers,Part1,Do you want to be a teacher in the future?
【5月新题】Part1（17道）,1,5.28,Teachers,Part1,Do you have a teacher from your past that you still remember?
【5月新题】Part1（17道）,1,5.28,Teachers,Part1,Are you still in touch with your primary school teachers?
【5月新题】Part1（17道）,1,5.28,Teachers,Part1,In what way has your favourite teacher helped you?
【5月新题】Part1（17道）,1,5.28,Teachers,Part1,Do you like your primary school teachers more than your high school teachers?
【5月新题】Part1（17道）,2,4.30,Social media,Part1,Have you ever posted anything on social media?
【5月新题】Part1（17道）,2,4.30,Social media,Part1,When did you start using social media?
【5月新题】Part1（17道）,2,4.30,Social media,Part1,Do you think you spend too much time on social media?
【5月新题】Part1（17道）,2,4.30,Social media,Part1,Do your friends use social media?
【5月新题】Part1（17道）,2,4.30,Social media,Part1,What do people often do on social media?
【5月新题】Part1（17道）,3,5.19,Music,Part1,Do you like music?
【5月新题】Part1（17道）,3,5.19,Music,Part1,What kinds of music do you listen to?
【5月新题】Part1（17道）,3,5.19,Music,Part1,Do you prefer sad or happy music?
【5月新题】Part1（17道）,3,5.19,Music,Part1,Does happy music make you feel more excited?
【5月新题】Part1（17道）,3,5.19,Music,Part1,Have you taken any music classes?
【5月新题】Part1（17道）,3,5.19,Music,Part1,Do you listen to music while doing other things?
【5月新题】Part1（17道）,4,5.28,Tidiness,Part1,Do you like to keep things tidy?
【5月新题】Part1（17道）,4,5.28,Tidiness,Part1,Did you use to keep your room tidy as a child?
【5月新题】Part1（17道）,4,5.28,Tidiness,Part1,Are you a tidy person now?
【5月新题】Part1（17道）,4,5.28,Tidiness,Part1,How do you keep your work or study space tidy?
【5月新题】Part1（17道）,4,5.28,Tidiness,Part1,Do you think that it is necessary to be tidy?
【5月新题】Part1（17道）,4,5.28,Tidiness,Part1,What do you think of those who don't care about tidiness?
【5月新题】Part1（17道）,4,5.28,Tidiness,Part1,What do you think of those who are overly concerned about tidiness?
【5月新题】Part1（17道）,5,5.13,Websites,Part1,What kinds of websites do you often visit?
【5月新题】Part1（17道）,5,5.13,Websites,Part1,What is your favourite website?
【5月新题】Part1（17道）,5,5.13,Websites,Part1,Are there any changes to the websites you often visit?
【5月新题】Part1（17道）,5,5.13,Websites,Part1,What kinds of websites are popular in your country?
【5月新题】Part1（17道）,5,5.13,Websites,Part1,Do you prefer getting information from websites or books?
【5月新题】Part1（17道）,5,5.13,Websites,Part1,Would you like to have your own website?
【5月新题】Part1（17道）,6,5.6,Watch,Part1,Do you wear a watch?
【5月新题】Part1（17道）,6,5.6,Watch,Part1,Have you ever got a watch as a gift?
【5月新题】Part1（17道）,6,5.6,Watch,Part1,Why do some people wear expensive watches?
【5月新题】Part1（17道）,6,5.6,Watch,Part1,Do you think it is important to wear a watch? Why?
【5月新题】Part1（17道）,7,5.6,Shopping,Part1,Do you like shopping?
【5月新题】Part1（17道）,7,5.6,Shopping,Part1,How often do you go shopping?
【5月新题】Part1（17道）,7,5.6,Shopping,Part1,Do you prefer online shopping or in-store shopping?
【5月新题】Part1（17道）,7,5.6,Shopping,Part1,Do you compare prices when you shop? Why?
【5月新题】Part1（17道）,7,5.6,Shopping,Part1,Is it difficult for you to make choices when you shop?
【5月新题】Part1（17道）,7,5.6,Shopping,Part1,Do you think expensive products are always better than cheaper ones?
【5月新题】Part1（17道）,7,5.6,Shopping,Part1,Have you ever returned anything you bought online?
【5月新题】Part1（17道）,8,5.6,Feeling bored,Part1,Do you often feel bored?
【5月新题】Part1（17道）,8,5.6,Feeling bored,Part1,Did you ever find school boring when you were a child?
【5月新题】Part1（17道）,8,5.6,Feeling bored,Part1,What sort of things do you find most boring now?
【5月新题】Part1（17道）,8,5.6,Feeling bored,Part1,What do you do to stop yourself feeling bored?
【5月新题】Part1（17道）,8,5.6,Feeling bored,Part1,When would you feel bored?
【5月新题】Part1（17道）,8,5.6,Feeling bored,Part1,What do you do when you feel bored?
【5月新题】Part1（17道）,8,5.6,Feeling bored,Part1,Do you think childhood is boring or adulthood is boring?
【5月新题】Part1（17道）,9,5.28,Parks,Part1,Did you like going to parks as a child?
【5月新题】Part1（17道）,9,5.28,Parks,Part1,Do you still like going to parks now?
【5月新题】Part1（17道）,9,5.28,Parks,Part1,Would you like to see more parks in your city?
【5月新题】Part1（17道）,9,5.28,Parks,Part1,Are there any parks you want to go to in the future?
【5月新题】Part1（17道）,9,5.28,Parks,Part1,Would you prefer to play in a personal garden or public garden?
【5月新题】Part1（17道）,9,5.28,Parks,Part1,How are the parks today different from those you visited as a kid?
【5月新题】Part1（17道）,9,5.28,Parks,Part1,What do you like to do when visiting a park?
【5月新题】Part1（17道）,9,5.28,Parks,Part1,Would you like to play in a public garden or park?
【5月新题】Part1（17道）,10,5.6,Cars,Part1,Did you enjoy traveling by car when you were a kid?
【5月新题】Part1（17道）,10,5.6,Cars,Part1,What types of cars do you like?
【5月新题】Part1（17道）,10,5.6,Cars,Part1,Do you prefer to be a driver or a passenger?
【5月新题】Part1（17道）,10,5.6,Cars,Part1,What do you usually do when there is a traffic jam?
【5月新题】Part1（17道）,10,5.6,Cars,Part1,Do you think car colours are important?
【5月新题】Part1（17道）,11,5.6,Outer space and stars,Part1,Have you ever learnt about outer space and stars?
【5月新题】Part1（17道）,11,5.6,Outer space and stars,Part1,Do you enjoy watching science-fiction films/movies set in space?
【5月新题】Part1（17道）,11,5.6,Outer space and stars,Part1,Do you want to know more about outer space?
【5月新题】Part1（17道）,11,5.6,Outer space and stars,Part1,Would you like to go into outer space in the future?
【5月新题】Part1（17道）,12,5.6,Science,Part1,Do you like science?
【5月新题】Part1（17道）,12,5.6,Science,Part1,When did you start to learn about science?
【5月新题】Part1（17道）,12,5.6,Science,Part1,Which science subject is interesting to you?
【5月新题】Part1（17道）,12,5.6,Science,Part1,What kinds of interesting things have you done with science?
【5月新题】Part1（17道）,12,5.6,Science,Part1,Do you like watching science TV programs?
【5月新题】Part1（17道）,12,5.6,Science,Part1,Do Chinese people often visit science museums?
【5月新题】Part1（17道）,13,5.5,Mirrors,Part1,Do you like looking at yourself in the mirror? How often?
【5月新题】Part1（17道）,13,5.5,Mirrors,Part1,Have you ever bought mirrors?
【5月新题】Part1（17道）,13,5.5,Mirrors,Part1,Do you usually take a mirror with you?
【5月新题】Part1（17道）,13,5.5,Mirrors,Part1,Would you use mirrors to decorate your room?
【5月新题】Part1（17道）,14,5.13,Telling Jokes,Part1,Are you good at telling jokes?
【5月新题】Part1（17道）,14,5.13,Telling Jokes,Part1,Do your friends like to tell jokes?
【5月新题】Part1（17道）,14,5.13,Telling Jokes,Part1,Do you like to watch comedies?
【5月新题】Part1（17道）,14,5.13,Telling Jokes,Part1,Have you ever watched a live show?
【5月新题】Part1（17道）,14,5.13,Telling Jokes,Part1,Are comedy shows popular in your country?
【5月新题】Part1（17道）,15,5.7,Headphone,Part1,Do you use headphones?
【5月新题】Part1（17道）,15,5.7,Headphone,Part1,How often do you wear headphones?
【5月新题】Part1（17道）,15,5.7,Headphone,Part1,Do you think headphones are useful?
【5月新题】Part1（17道）,15,5.7,Headphone,Part1,Are headphones popular in your country?
【5月新题】Part1（17道）,15,5.7,Headphone,Part1,In what situations should people not wear headphones?
【5月新题】Part1（17道）,16,5.7,Singing,Part1,Did you like singing when you were a child?
【5月新题】Part1（17道）,16,5.7,Singing,Part1,Do you like singing now?
【5月新题】Part1（17道）,16,5.7,Singing,Part1,Do you enjoy singing in the car?
【5月新题】Part1（17道）,16,5.7,Singing,Part1,Do you like listening to other people sing?
【5月新题】Part1（17道）,16,5.7,Singing,Part1,Did you learn to sing when you were at school?
【5月新题】Part1（17道）,17,5.13,Clothing,Part1,What kind of clothes do you like to wear?
【5月新题】Part1（17道）,17,5.13,Clothing,Part1,Do you prefer to wear comfortable and casual clothes or formal clothes?
【5月新题】Part1（17道）,17,5.13,Clothing,Part1,Do you like wearing T-shirts?
【5月新题】Part1（17道）,17,5.13,Clothing,Part1,Do you spend a lot of time choosing clothes?
【5月新题】Part1（17道）,17,5.13,Clothing,Part1,Do you wear clothes of different styles on weekdays and weekends?
【5月新题】Part1（17道）,17,5.13,Clothing,Part1,What colour clothing do you like?
【5月新题】Part 2&Part 3（30道）,1,5.15,喜欢或不喜欢的高建筑,Part2,Describe a tall building you like or dislike
【5月新题】Part 2&Part 3（30道）,1,5.15,喜欢或不喜欢的高建筑,Part3,Are there many tall buildings in your country?
【5月新题】Part 2&Part 3（30道）,1,5.15,喜欢或不喜欢的高建筑,Part3,What are the differences between those tall buildings in your country?
【5月新题】Part 2&Part 3（30道）,1,5.15,喜欢或不喜欢的高建筑,Part3,Why are different places laid out and designed differently?
【5月新题】Part 2&Part 3（30道）,1,5.15,喜欢或不喜欢的高建筑,Part3,What are the advantages of living in tall buildings?
【5月新题】Part 2&Part 3（30道）,1,5.15,喜欢或不喜欢的高建筑,Part3,Why do some people like to remodel and decorate their homes themselves?
【5月新题】Part 2&Part 3（30道）,1,5.15,喜欢或不喜欢的高建筑,Part3,What kind of interior design style do most people like?
【5月新题】Part 2&Part 3（30道）,2,5.28,有趣视频,Part2,Describe an interesting video
【5月新题】Part 2&Part 3（30道）,2,5.28,有趣视频,Part3,What kind of videos do people in your country like to watch?
【5月新题】Part 2&Part 3（30道）,2,5.28,有趣视频,Part3,"Which is more helpful, watching videos or reading books?"
【5月新题】Part 2&Part 3（30道）,2,5.28,有趣视频,Part3,What skills can people learn from watching videos?
【5月新题】Part 2&Part 3（30道）,2,5.28,有趣视频,Part3,What are the advantages of online learning?
【5月新题】Part 2&Part 3（30道）,2,5.28,有趣视频,Part3,Are there any differences between the videos that young people and old people like to watch?
【5月新题】Part 2&Part 3（30道）,2,5.28,有趣视频,Part3,Are there any differences between the videos that young men and young women like to watch?
【5月新题】Part 2&Part 3（30道）,2,5.28,有趣视频,Part3,What makes a video go viral online?
【5月新题】Part 2&Part 3（30道）,3,5.28,早起经历,Part2,Describe a time when you got up early
【5月新题】Part 2&Part 3（30道）,3,5.28,早起经历,Part3,Do you know anyone who likes to get up early?
【5月新题】Part 2&Part 3（30道）,3,5.28,早起经历,Part3,Why do people get up early?
【5月新题】Part 2&Part 3（30道）,3,5.28,早起经历,Part3,What kinds of occasions need people to arrive early?
【5月新题】Part 2&Part 3（30道）,3,5.28,早起经历,Part3,Why do some people like to stay up late?
【5月新题】Part 2&Part 3（30道）,3,5.28,早起经历,Part3,Is it good to arrive early in any situation?
【5月新题】Part 2&Part 3（30道）,3,5.28,早起经历,Part3,What kind of people like getting up early?
【5月新题】Part 2&Part 3（30道）,3,5.28,早起经历,Part3,Is the early morning the best part of the day?
【5月新题】Part 2&Part 3（30道）,3,5.28,早起经历,Part3,Why do some people think it’s important to be on time and others don’t?
【5月新题】Part 2&Part 3（30道）,4,5.14,无聊的地方,Part2,Describe a boring place
【5月新题】Part 2&Part 3（30道）,4,5.14,无聊的地方,Part3,Why do most children think education is boring?
【5月新题】Part 2&Part 3（30道）,4,5.14,无聊的地方,Part3,Why aren't young people willing to listen to the experiences of older people?
【5月新题】Part 2&Part 3（30道）,4,5.14,无聊的地方,Part3,What can people do when they feel bored?
【5月新题】Part 2&Part 3（30道）,4,5.14,无聊的地方,Part3,Why are some teachers' classes boring? Are there any solutions?
【5月新题】Part 2&Part 3（30道）,4,5.14,无聊的地方,Part3,Why do some young people feel bored when talking with old people?
【5月新题】Part 2&Part 3（30道）,4,5.14,无聊的地方,Part3,Do most people think news about celebrities is boring?
【5月新题】Part 2&Part 3（30道）,5,5.6,发小,Part2,Describe a friend from your childhood
【5月新题】Part 2&Part 3（30道）,5,5.6,发小,Part3,Do you still keep in touch with your friends from childhood? Why or why not?
【5月新题】Part 2&Part 3（30道）,5,5.6,发小,Part3,How important is a childhood friendship to children?
【5月新题】Part 2&Part 3（30道）,5,5.6,发小,Part3,What do you think of communicating with others through social media?
【5月新题】Part 2&Part 3（30道）,5,5.6,发小,Part3,Do you think online communication through social media will replace face-to-face communication?
【5月新题】Part 2&Part 3（30道）,5,5.6,发小,Part3,What's the difference between talking to friends and family?
【5月新题】Part 2&Part 3（30道）,5,5.6,发小,Part3,Has technology changed people's friendships? How?
【5月新题】Part 2&Part 3（30道）,6,5.6,去过的最喜欢的城市,Part2,Describe your favorite city that you have visited
【5月新题】Part 2&Part 3（30道）,6,5.6,去过的最喜欢的城市,Part3,"Which is more suitable for young people, urban life or rural life, and which is more suitable for old people?"
【5月新题】Part 2&Part 3（30道）,6,5.6,去过的最喜欢的城市,Part3,How do people choose a city to travel to?
【5月新题】Part 2&Part 3（30道）,6,5.6,去过的最喜欢的城市,Part3,Do you think a tourist city is also a good place to live? Why?
【5月新题】Part 2&Part 3（30道）,6,5.6,去过的最喜欢的城市,Part3,Do most people prefer to travel in a modern city or a historical city?
【5月新题】Part 2&Part 3（30道）,6,5.6,去过的最喜欢的城市,Part3,待补充
【5月新题】Part 2&Part 3（30道）,7,5.11,喜欢在家/花园种菜的人,Part2,"Describe a person who loves to grow plants (e.g. vegetables, flowers) at home or in the garden"
【5月新题】Part 2&Part 3（30道）,7,5.11,喜欢在家/花园种菜的人,Part3,What are the advantages of growing vegetables or flowers at home?
【5月新题】Part 2&Part 3（30道）,7,5.11,喜欢在家/花园种菜的人,Part3,Do many people grow vegetables or flowers at home in your country?
【5月新题】Part 2&Part 3（30道）,7,5.11,喜欢在家/花园种菜的人,Part3,Is it easy to grow plants at home?
【5月新题】Part 2&Part 3（30道）,7,5.11,喜欢在家/花园种菜的人,Part3,Why do some people like to grow plants?
【5月新题】Part 2&Part 3（30道）,7,5.11,喜欢在家/花园种菜的人,Part3,Why do some people prefer to grow their own fruits and vegetables instead of buying them from the market?
【5月新题】Part 2&Part 3（30道）,7,5.11,喜欢在家/花园种菜的人,Part3,Do you think students should learn to grow plants?
【5月新题】Part 2&Part 3（30道）,8,5.6,想颁布的新法律,Part2,Describe a new law you would like to introduce in your country
【5月新题】Part 2&Part 3（30道）,8,5.6,想颁布的新法律,Part3,What rules should students follow at school?
【5月新题】Part 2&Part 3（30道）,8,5.6,想颁布的新法律,Part3,Do people in your country usually obey the law?
【5月新题】Part 2&Part 3（30道）,8,5.6,想颁布的新法律,Part3,What kinds of behavior are considered as good behavior?
【5月新题】Part 2&Part 3（30道）,8,5.6,想颁布的新法律,Part3,Do you think children can learn about the law outside of school?
【5月新题】Part 2&Part 3（30道）,8,5.6,想颁布的新法律,Part3,What are the benefits for people to obey rules?
【5月新题】Part 2&Part 3（30道）,8,5.6,想颁布的新法律,Part3,How can parents teach children to obey rules?
【5月新题】Part 2&Part 3（30道）,9,5.27,想从事医疗行业的人,Part2,"Describe a person you know who would like to choose a career in the medical field (e.g. a doctor, a nurse)"
【5月新题】Part 2&Part 3（30道）,9,5.27,想从事医疗行业的人,Part3,Do you think being a doctor is easy or difficult?
【5月新题】Part 2&Part 3（30道）,9,5.27,想从事医疗行业的人,Part3,Do you think learning biology is interesting for children?
【5月新题】Part 2&Part 3（30道）,9,5.27,想从事医疗行业的人,Part3,Why do some children want to become doctors?
【5月新题】Part 2&Part 3（30道）,9,5.27,想从事医疗行业的人,Part3,Do you think governments should put a large amount of money into medical research?
【5月新题】Part 2&Part 3（30道）,9,5.27,想从事医疗行业的人,Part3,待补充
【5月新题】Part 2&Part 3（30道）,10,5.14,商业上很成功的人,Part2,Describe a person you know who has a successful business
【5月新题】Part 2&Part 3（30道）,10,5.14,商业上很成功的人,Part3,Why do some people start their own business?
【5月新题】Part 2&Part 3（30道）,10,5.14,商业上很成功的人,Part3,Should governments provide financial support to start-ups?
【5月新题】Part 2&Part 3（30道）,10,5.14,商业上很成功的人,Part3,Do most people prefer shopping at big stores or small stores?
【5月新题】Part 2&Part 3（30道）,10,5.14,商业上很成功的人,Part3,What makes a business successful?
【5月新题】Part 2&Part 3（30道）,10,5.14,商业上很成功的人,Part3,What makes a business fail?
【5月新题】Part 2&Part 3（30道）,10,5.14,商业上很成功的人,Part3,Is it easy to set up a new business in your country?
【5月新题】Part 2&Part 3（30道）,11,5.28,近期改变的计划,Part2,Describe a plan that you had to change recently
【5月新题】Part 2&Part 3（30道）,11,5.28,近期改变的计划,Part3,Do people often change their plans?
【5月新题】Part 2&Part 3（30道）,11,5.28,近期改变的计划,Part3,Would you tell others if you change your plan?
【5月新题】Part 2&Part 3（30道）,11,5.28,近期改变的计划,Part3,Why do you think parents still make plans for their children nowadays?
【5月新题】Part 2&Part 3（30道）,11,5.28,近期改变的计划,Part3,How does technology help people make plans?
【5月新题】Part 2&Part 3（30道）,11,5.28,近期改变的计划,Part3,What kind of plans do people often make?
【5月新题】Part 2&Part 3（30道）,11,5.28,近期改变的计划,Part3,"Do you think people like the process of making plans more, or the moment of carrying them out?"
【5月新题】Part 2&Part 3（30道）,11,5.28,近期改变的计划,Part3,How would you tell your friends when you must change plans?
【5月新题】Part 2&Part 3（30道）,11,5.28,近期改变的计划,Part3,What are the common reasons when people need to change plans?
【5月新题】Part 2&Part 3（30道）,11,5.28,近期改变的计划,Part3,What kind of plans are practical?
【5月新题】Part 2&Part 3（30道）,12,5.16,在团队中工作,Part2,Describe a time when you worked in a group
【5月新题】Part 2&Part 3（30道）,12,5.16,在团队中工作,Part3,Why do some people prefer to work by themselves?
【5月新题】Part 2&Part 3（30道）,12,5.16,在团队中工作,Part3,What should a leader do to make team members want to follow him or her?
【5月新题】Part 2&Part 3（30道）,12,5.16,在团队中工作,Part3,Should students learn to do group work?
【5月新题】Part 2&Part 3（30道）,12,5.16,在团队中工作,Part3,What group tasks are there in schools?
【5月新题】Part 2&Part 3（30道）,12,5.16,在团队中工作,Part3,What advantages are there for students experiencing teamwork at school?
【5月新题】Part 2&Part 3（30道）,12,5.16,在团队中工作,Part3,How can you tell if a person is a good leader?
【5月新题】Part 2&Part 3（30道）,13,5.22,长期追求/目标,Part2,Describe a long-term goal/ambition you would like to achieve
【5月新题】Part 2&Part 3（30道）,13,5.22,长期追求/目标,Part3,What kinds of ambitions do people have?
【5月新题】Part 2&Part 3（30道）,13,5.22,长期追求/目标,Part3,Why should parents encourage children to have ambitions?
【5月新题】Part 2&Part 3（30道）,13,5.22,长期追求/目标,Part3,Should parents interfere with their children's ambitions?
【5月新题】Part 2&Part 3（30道）,13,5.22,长期追求/目标,Part3,Is there any difference between children's ambitions and those of grown-ups?
【5月新题】Part 2&Part 3（30道）,13,5.22,长期追求/目标,Part3,What goals do young people usually have?
【5月新题】Part 2&Part 3（30道）,13,5.22,长期追求/目标,Part3,Why are young people ambitious for higher positions?
【5月新题】Part 2&Part 3（30道）,13,5.22,长期追求/目标,Part3,What should people do to achieve their goals?
【5月新题】Part 2&Part 3（30道）,14,5.28,特殊场合下吃的食物,Part2,Describe a kind of food that you ate at special occasions
【5月新题】Part 2&Part 3（30道）,14,5.28,特殊场合下吃的食物,Part3,Why do people eat special food on special occasions or festivals?
【5月新题】Part 2&Part 3（30道）,14,5.28,特殊场合下吃的食物,Part3,What are the differences between everyday food and festival food?
【5月新题】Part 2&Part 3（30道）,14,5.28,特殊场合下吃的食物,Part3,Are there any differences between the food people eat today and the food people ate in the past?
【5月新题】Part 2&Part 3（30道）,14,5.28,特殊场合下吃的食物,Part3,Do people today prefer eating at home or in a restaurant?
【5月新题】Part 2&Part 3（30道）,14,5.28,特殊场合下吃的食物,Part3,What kinds of food are popular in your country?
【5月新题】Part 2&Part 3（30道）,14,5.28,特殊场合下吃的食物,Part3,Do people in your country like eating foreign food?
【5月新题】Part 2&Part 3（30道）,15,5.15,看过的现场比赛,Part2,Describe a live sports event you watched and liked
【5月新题】Part 2&Part 3（30道）,15,5.15,看过的现场比赛,Part3,Why do some people like to watch sports events?
【5月新题】Part 2&Part 3（30道）,15,5.15,看过的现场比赛,Part3,Where do people normally watch sports events?
【5月新题】Part 2&Part 3（30道）,15,5.15,看过的现场比赛,Part3,What are the advantages of watching sports events online?
【5月新题】Part 2&Part 3（30道）,15,5.15,看过的现场比赛,Part3,What are the main differences between watching a sports event live in a stadium and watching it on TV?
【5月新题】Part 2&Part 3（30道）,15,5.15,看过的现场比赛,Part3,What kinds of sports events are most popular to watch in your country?
【5月新题】Part 2&Part 3（30道）,15,5.15,看过的现场比赛,Part3,What types of sports matches are suitable for children to watch?
【5月新题】Part 2&Part 3（30道）,15,5.15,看过的现场比赛,Part3,Why do some people spend a lot going to other countries to watch sports events?
【5月新题】Part 2&Part 3（30道）,16,5.11,名人广告,Part2,Describe an advertisement with a famous person in it
【5月新题】Part 2&Part 3（30道）,16,5.11,名人广告,Part3,hat are the advantages and disadvantages of advertisements?
【5月新题】Part 2&Part 3（30道）,16,5.11,名人广告,Part3,Why are many advertisements endorsed by celebrities? How useful are they?
【5月新题】Part 2&Part 3（30道）,16,5.11,名人广告,Part3,What is the most important factor in anadvertisement?
【5月新题】Part 2&Part 3（30道）,16,5.11,名人广告,Part3,Why are some advertisements boring?
【5月新题】Part 2&Part 3（30道）,16,5.11,名人广告,Part3,Is advertising important for a company? Why?
【5月新题】Part 2&Part 3（30道）,16,5.11,名人广告,Part3,"Which is more effective, online advertising or offline advertising?"
【5月新题】Part 2&Part 3（30道）,17,5.27,当地新闻,Part2,Describe a piece of local news that people are interested in
【5月新题】Part 2&Part 3（30道）,17,5.27,当地新闻,Part3,Are there a lot of people talking about local news?
【5月新题】Part 2&Part 3（30道）,17,5.27,当地新闻,Part3,Do young people or the elderly care more about local news?
【5月新题】Part 2&Part 3（30道）,17,5.27,当地新闻,Part3,Do people in your country prefer following local news or national news?
【5月新题】Part 2&Part 3（30道）,17,5.27,当地新闻,Part3,Why do some people want to be very involved in their community?
【5月新题】Part 2&Part 3（30道）,17,5.27,当地新闻,Part3,Do you think local communities were stronger in the past than they are today?
【5月新题】Part 2&Part 3（30道）,17,5.27,当地新闻,Part3,Do you think it is important to have a national identity?
【5月新题】Part 2&Part 3（30道）,17,5.27,当地新闻,Part3,How can people develop their national identity?
【5月新题】Part 2&Part 3（30道）,18,5.28,电子产品故障,Part2,Describe a time when you had a problem with using an electronic device
【5月新题】Part 2&Part 3（30道）,18,5.28,电子产品故障,Part3,Why are people keen on buying new electronic devices?
【5月新题】Part 2&Part 3（30道）,18,5.28,电子产品故障,Part3,What impact do electronic devices have on people?
【5月新题】Part 2&Part 3（30道）,18,5.28,电子产品故障,Part3,What kinds of technology products do people use at home?
【5月新题】Part 2&Part 3（30道）,18,5.28,电子产品故障,Part3,What are the advantages and disadvantages of students using technology products?
【5月新题】Part 2&Part 3（30道）,18,5.28,电子产品故障,Part3,Do you think young children today are over-reliant on technology products?
【5月新题】Part 2&Part 3（30道）,18,5.28,电子产品故障,Part3,Should parents limit their children's screen time?
【5月新题】Part 2&Part 3（30道）,18,5.28,电子产品故障,Part3,Why do many young people spend so much time looking at screens?
【5月新题】Part 2&Part 3（30道）,19,5.8,重要决定,Part2,Describe an important decision that you made
【5月新题】Part 2&Part 3（30道）,19,5.8,重要决定,Part3,Do you think children sometimes have to make important decisions?
【5月新题】Part 2&Part 3（30道）,19,5.8,重要决定,Part3,What important decisions do teenagers need to make after graduation?
【5月新题】Part 2&Part 3（30道）,19,5.8,重要决定,Part3,Who can children turn to for help when making a decision?
【5月新题】Part 2&Part 3（30道）,19,5.8,重要决定,Part3,Do you think advertisements can influence our decisions when shopping?
【5月新题】Part 2&Part 3（30道）,19,5.8,重要决定,Part3,Do you think the influence of advertising is good?
【5月新题】Part 2&Part 3（30道）,19,5.8,重要决定,Part3,How do people usually make important decisions?
【5月新题】Part 2&Part 3（30道）,20,5.15,擅长学习和说语言的人,Part2,Describe a person who is good at learning and speaking new languages
【5月新题】Part 2&Part 3（30道）,20,5.15,擅长学习和说语言的人,Part3,Are there many people who can speak foreign languages in your country?
【5月新题】Part 2&Part 3（30道）,20,5.15,擅长学习和说语言的人,Part3,Does speaking other languages help at work?
【5月新题】Part 2&Part 3（30道）,20,5.15,擅长学习和说语言的人,Part3,Do people learn any languages other than English?
【5月新题】Part 2&Part 3（30道）,20,5.15,擅长学习和说语言的人,Part3,Why is it easier for children to learn new things than for adults?
【5月新题】Part 2&Part 3（30道）,20,5.15,擅长学习和说语言的人,Part3,How do people learn new things?
【5月新题】Part 2&Part 3（30道）,20,5.15,擅长学习和说语言的人,Part3,What is the most important thing for learning a language well?
【5月新题】Part 2&Part 3（30道）,21,5.20,长时间未收到回复,Part2,Describe a time when you sent a message or an email to someone but received no reply for a long time
【5月新题】Part 2&Part 3（30道）,21,5.20,长时间未收到回复,Part3,In what situations do people spend a long time responding to others' messages?
【5月新题】Part 2&Part 3（30道）,21,5.20,长时间未收到回复,Part3,In what situations do people not respond to messages right away?
【5月新题】Part 2&Part 3（30道）,21,5.20,长时间未收到回复,Part3,What would you do if you haven't received a reply after sending out a message?
【5月新题】Part 2&Part 3（30道）,21,5.20,长时间未收到回复,Part3,Why do some people prefer sending a message instead of making a call?
【5月新题】Part 2&Part 3（30道）,21,5.20,长时间未收到回复,Part3,Are you more polite when sending a message to a stranger than to a friend?
【5月新题】Part 2&Part 3（30道）,21,5.20,长时间未收到回复,Part3,Why do some people feel angry when others don't reply to their message?
【5月新题】Part 2&Part 3（30道）,22,5.11,遇到的科技问题,Part2,Describe a challenging technological problem you faced
【5月新题】Part 2&Part 3（30道）,22,5.11,遇到的科技问题,Part3,What are the advantages and disadvantages of Al?
【5月新题】Part 2&Part 3（30道）,22,5.11,遇到的科技问题,Part3,Do you think people today should learn about Al technology?
【5月新题】Part 2&Part 3（30道）,22,5.11,遇到的科技问题,Part3,Should children learn to use Al?
【5月新题】Part 2&Part 3（30道）,22,5.11,遇到的科技问题,Part3,How can Al help in our lives?
【5月新题】Part 2&Part 3（30道）,22,5.11,遇到的科技问题,Part3,Do you think students are overly reliant on AI?
【5月新题】Part 2&Part 3（30道）,22,5.11,遇到的科技问题,Part3,What can teachers do to stop students relying too much on Al?
【5月新题】Part 2&Part 3（30道）,23,5.28,推荐旅行过的地方,Part2,Describe a place you have travelled to that you would like to recommend to others
【5月新题】Part 2&Part 3（30道）,23,5.28,推荐旅行过的地方,Part3,Where do people in your country often go for holidays?
【5月新题】Part 2&Part 3（30道）,23,5.28,推荐旅行过的地方,Part3,What is the ideal length for a holiday?
【5月新题】Part 2&Part 3（30道）,23,5.28,推荐旅行过的地方,Part3,How do people usually plan holidays?
【5月新题】Part 2&Part 3（30道）,23,5.28,推荐旅行过的地方,Part3,Is it important to plan a holiday ahead?
【5月新题】Part 2&Part 3（30道）,23,5.28,推荐旅行过的地方,Part3,Why do many countries try to attract people to visit?
【5月新题】Part 2&Part 3（30道）,23,5.28,推荐旅行过的地方,Part3,How do people decide when to travel?
【5月新题】Part 2&Part 3（30道）,23,5.28,推荐旅行过的地方,Part3,What are the benefits for cities of having lots of tourists?
【5月新题】Part 2&Part 3（30道）,23,5.28,推荐旅行过的地方,Part3,What are the disadvantages for people living in popular tourist cities?
【5月新题】Part 2&Part 3（30道）,24,5.11,最近看过的电视/网络节目,Part2,Describe a TV show/online program you have watched recently
【5月新题】Part 2&Part 3（30道）,24,5.11,最近看过的电视/网络节目,Part3,What are the differences between the TV programs young people like to watch and those old people like to watch?
【5月新题】Part 2&Part 3（30道）,24,5.11,最近看过的电视/网络节目,Part3,What makes a popular TV or online program?
【5月新题】Part 2&Part 3（30道）,24,5.11,最近看过的电视/网络节目,Part3,What kinds of TV or online programs are popular in your country?
【5月新题】Part 2&Part 3（30道）,24,5.11,最近看过的电视/网络节目,Part3,待补充
【5月新题】Part 2&Part 3（30道）,25,5.23,喜欢拜访但不想住的家,Part2,Describe a home that you like to visit but do not want to live in
【5月新题】Part 2&Part 3（30道）,25,5.23,喜欢拜访但不想住的家,Part3,Do Chinese people like to visit others’ homes?
【5月新题】Part 2&Part 3（30道）,25,5.23,喜欢拜访但不想住的家,Part3,What do Chinese people do when they visit others?
【5月新题】Part 2&Part 3（30道）,25,5.23,喜欢拜访但不想住的家,Part3,What kind of place do people in your country like to live in?
【5月新题】Part 2&Part 3（30道）,25,5.23,喜欢拜访但不想住的家,Part3,What’s the difference between homes in cities and those in the countryside?
【5月新题】Part 2&Part 3（30道）,25,5.23,喜欢拜访但不想住的家,Part3,What kind of gifts do people usually bring when they visit others?
【5月新题】Part 2&Part 3（30道）,25,5.23,喜欢拜访但不想住的家,Part3,How often do you visit your relatives or friends?
【5月新题】Part 2&Part 3（30道）,26,5.12,包含动物的故事或书,Part2,Describe a story/book with animals in it
【5月新题】Part 2&Part 3（30道）,26,5.12,包含动物的故事或书,Part3,Should schools teach children about animals?
【5月新题】Part 2&Part 3（30道）,26,5.12,包含动物的故事或书,Part3,Some people think pets should not be kept in cities. What do you think?
【5月新题】Part 2&Part 3（30道）,26,5.12,包含动物的故事或书,Part3,Many people regard pets as members of their family. What do you think?
【5月新题】Part 2&Part 3（30道）,26,5.12,包含动物的故事或书,Part3,Do many people keep pets in your country?
【5月新题】Part 2&Part 3（30道）,26,5.12,包含动物的故事或书,Part3,What are the advantages of keeping a pet?
【5月新题】Part 2&Part 3（30道）,26,5.12,包含动物的故事或书,Part3,Why do people always tell children stories with animals?
【5月新题】Part 2&Part 3（30道）,27,5.13,别人帮助解决问题,Part2,Describe a time when a person did something to help you solve a problem
【5月新题】Part 2&Part 3（30道）,27,5.13,别人帮助解决问题,Part3,How important is it for schools to help children become smarter?
【5月新题】Part 2&Part 3（30道）,27,5.13,别人帮助解决问题,Part3,待补充
【5月新题】Part 2&Part 3（30道）,28,5.23,想颁布的环保法律,Part2,Describe an environmental law you would like your country to introduce
【5月新题】Part 2&Part 3（30道）,28,5.23,想颁布的环保法律,Part3,What kinds of rules do schools in China have?
【5月新题】Part 2&Part 3（30道）,28,5.23,想颁布的环保法律,Part3,How does technology affect the law?
【5月新题】Part 2&Part 3（30道）,28,5.23,想颁布的环保法律,Part3,Will there be a law that is universally accepted?
【5月新题】Part 2&Part 3（30道）,28,5.23,想颁布的环保法律,Part3,What environmental laws does your country already have?
【5月新题】Part 2&Part 3（30道）,29,5.23,改变重要想法,Part2,Describe a time when you changed an important opinion of yours
【5月新题】Part 2&Part 3（30道）,29,5.23,改变重要想法,Part3,When do most children begin to have their own opinions?
【5月新题】Part 2&Part 3（30道）,29,5.23,改变重要想法,Part3,"Whose opinions are more important to children, their parents' or teachers'?"
【5月新题】Part 2&Part 3（30道）,29,5.23,改变重要想法,Part3,Do children communicate more with teachers or with parents?
【5月新题】Part 2&Part 3（30道）,29,5.23,改变重要想法,Part3,Who do young people like to share opinions with?
【5月新题】Part 2&Part 3（30道）,30,5.23,克服困难成功的人,Part2,Describe a person who met difficulties but succeeded
【5月新题】Part 2&Part 3（30道）,30,5.23,克服困难成功的人,Part3,"In your country, what industry is it easier to be successful in?"
【5月新题】Part 2&Part 3（30道）,30,5.23,克服困难成功的人,Part3,What's the difference between ordinary people and successful people?
【5月新题】Part 2&Part 3（30道）,30,5.23,克服困难成功的人,Part3,What are the factors leading to people's success?
【5月新题】Part 2&Part 3（30道）,30,5.23,克服困难成功的人,Part3,`
【Part1必考题】（5道）,1,,Work/ Study,Part1,1. Do you work or are you a student?
【Part1必考题】（5道）,1,,Work/ Study,Part1,2. What do you do?
【Part1必考题】（5道）,1,,Work/ Study,Part1,3. Why did you choose to do this type of work?
【Part1必考题】（5道）,1,,Work/ Study,Part1,4. Do you like your job? Why/Why not?
【Part1必考题】（5道）,1,,Work/ Study,Part1,5. What do you find the most interesting about the work you do? Why?
【Part1必考题】（5道）,1,,Work/ Study,Part1,6. Will you need to do any more study for your job?
【Part1必考题】（5道）,1,,Work/ Study,Part1,7. Where do you work?
【Part1必考题】（5道）,1,,Work/ Study,Part1,8. Is it a good place to work?
【Part1必考题】（5道）,1,,Work/ Study,Part1,9. Would you like the place where you work to make any changes?
【Part1必考题】（5道）,1,,Work/ Study,Part1,10. What technology do you use at work?
【Part1必考题】（5道）,1,,Work/ Study,Part1,11. What subjects are you studying?
【Part1必考题】（5道）,1,,Work/ Study,Part1,12. Why did you choose to study this subject?
【Part1必考题】（5道）,1,,Work/ Study,Part1,13. What do you like about your course?
【Part1必考题】（5道）,1,,Work/ Study,Part1,14. What would you like to do after you finish your course?
【Part1必考题】（5道）,1,,Work/ Study,Part1,15. Do you prefer to study in the mornings or in the afternoons?
【Part1必考题】（5道）,1,,Work/ Study,Part1,16. Do you think you will miss being a student once you finish your studies? Why/why not?
【Part1必考题】（5道）,1,,Work/ Study,Part1,17. What technology do you use when you study?
【Part1必考题】（5道）,1,,Work/ Study,Part1,18. Are you enjoying your studies at the moment? Why/why not?
【Part1必考题】（5道）,2,,Hometown,Part1,1. Where is your hometown?
【Part1必考题】（5道）,2,,Hometown,Part1,2. What kind of place is it?
【Part1必考题】（5道）,2,,Hometown,Part1,3. How long have you lived there?
【Part1必考题】（5道）,2,,Hometown,Part1,4. What is one of the best things about living there?
【Part1必考题】（5道）,2,,Hometown,Part1,5. Is there anything you dislike about it?
【Part1必考题】（5道）,2,,Hometown,Part1,6. Do you know many people who live nearby?
【Part1必考题】（5道）,2,,Hometown,Part1,7. Do you have any relatives who still live in your hometown? Why/Why not?
【Part1必考题】（5道）,2,,Hometown,Part1,8. Do you often go back to visit your hometown? Why/Why not?
【Part1必考题】（5道）,2,,Hometown,Part1,9. Can you describe your hometown a little bit?
【Part1必考题】（5道）,2,,Hometown,Part1,10. Do you like it?
【Part1必考题】（5道）,2,,Hometown,Part1,11. Did you like living there?
【Part1必考题】（5道）,2,,Hometown,Part1,12. Do you think you'll continue living there for a long time?
【Part1必考题】（5道）,3,,Home/Accommodation,Part1,1. Do you live in a house or an apartment?
【Part1必考题】（5道）,3,,Home/Accommodation,Part1,2. Do you prefer living in a house or an apartment?
【Part1必考题】（5道）,3,,Home/Accommodation,Part1,3. Do you live with anyone else? Why/Why not?
【Part1必考题】（5道）,3,,Home/Accommodation,Part1,4. Do you like the place you currently live in? Why/Why not?
【Part1必考题】（5道）,3,,Home/Accommodation,Part1,5. What is your favourite room in your house/apartment?
【Part1必考题】（5道）,3,,Home/Accommodation,Part1,6. Would you like to change anything in your house/apartment?
【Part1必考题】（5道）,3,,Home/Accommodation,Part1,7. Would you like to move to a different house/apartment in the future?
【Part1必考题】（5道）,3,,Home/Accommodation,Part1,8. What do you think makes a place comfortable to live in?
【Part1必考题】（5道）,4,,The area you live in,Part1,1. Where are you living at the moment?
【Part1必考题】（5道）,4,,The area you live in,Part1,2. What kind of area is it?
【Part1必考题】（5道）,4,,The area you live in,Part1,3. How long have you lived there?
【Part1必考题】（5道）,4,,The area you live in,Part1,4. Do you know any of your neighbours?
【Part1必考题】（5道）,4,,The area you live in,Part1,5. What do you like about living there?
【Part1必考题】（5道）,4,,The area you live in,Part1,6. What changes have taken place in the area recently?
【Part1必考题】（5道）,4,,The area you live in,Part1,7. Would you like to change anything about your area? Why/ Why not?
【Part1必考题】（5道）,4,,The area you live in,Part1,8. Would you like to continue living there in the future? Why/ Why not?
【Part1必考题】（5道）,5,,The city you live in,Part1,What city do you live in?
【Part1必考题】（5道）,5,,The city you live in,Part1,Do you like this city? why?
【Part1必考题】（5道）,5,,The city you live in,Part1,How long have you lived in this city?
【Part1必考题】（5道）,5,,The city you live in,Part1,Are there big changes in this city?
【Part1必考题】（5道）,5,,The city you live in,Part1,Is this city your permanent residence?
【Part1必考题】（5道）,5,,The city you live in,Part1,Are there people of different ages living in this city?
【Part1】保留旧题（15道）,1,,Pets and Animals,Part1,What's your favourite animal? Why?
【Part1】保留旧题（15道）,1,,Pets and Animals,Part1,Have you ever had a pet before?
【Part1】保留旧题（15道）,1,,Pets and Animals,Part1,"Where do you prefer to keep your pet, indoors or outdoors?"
【Part1】保留旧题（15道）,1,,Pets and Animals,Part1,What is the most popular animal in China?
【Part1】保留旧题（15道）,2,,Food,Part1,What is your favourite food?
【Part1】保留旧题（15道）,2,,Food,Part1,What kind of food did you like when you were young?
【Part1】保留旧题（15道）,2,,Food,Part1,Do you eat different foods at different times of the year?
【Part1】保留旧题（15道）,2,,Food,Part1,Has your favourite food changed since you were a child?
【Part1】保留旧题（15道）,3,,Walking,Part1,Do you walk a lot?
【Part1】保留旧题（15道）,3,,Walking,Part1,Did you often go outside to have a walk when you were a child?
【Part1】保留旧题（15道）,3,,Walking,Part1,Why do people like to walk in parks?
【Part1】保留旧题（15道）,3,,Walking,Part1,Where would you like to take a long walk if you had the chance?
【Part1】保留旧题（15道）,3,,Walking,Part1,Where did you go for a walk lately?
【Part1】保留旧题（15道）,4,,Morning time,Part1,Do you like getting up early in the morning?
【Part1】保留旧题（15道）,4,,Morning time,Part1,What do you usually do in the morning?
【Part1】保留旧题（15道）,4,,Morning time,Part1,What did you do in the morning when you were little? Why?
【Part1】保留旧题（15道）,4,,Morning time,Part1,Are there any differences between what you do in the morning now and what you did in the past?
【Part1】保留旧题（15道）,4,,Morning time,Part1,Do you spend your mornings doing the same things on both weekends and weekdays? Why?
【Part1】保留旧题（15道）,5,,Gifts,Part1,Have you ever sent handmade gifts to others?
【Part1】保留旧题（15道）,5,,Gifts,Part1,Have you ever received a great gift?
【Part1】保留旧题（15道）,5,,Gifts,Part1,What do you consider when choosing a gift?
【Part1】保留旧题（15道）,5,,Gifts,Part1,Do you think you are good at choosing gifts？
【Part1】保留旧题（15道）,5,,Gifts,Part1,What gift have you received recently?
【Part1】保留旧题（15道）,6,,Reading,Part1,Do you like reading?
【Part1】保留旧题（15道）,6,,Reading,Part1,Do you prefer to read on paper or on a screen?
【Part1】保留旧题（15道）,6,,Reading,Part1,"When do you need to read carefully, and when not?"
【Part1】保留旧题（15道）,6,,Reading,Part1,Do you prefer scanning or detailed reading?
【Part1】保留旧题（15道）,7,,Sports team,Part1,Have you ever been part of a sports team?
【Part1】保留旧题（15道）,7,,Sports team,Part1,Are team sports popular in your culture?
【Part1】保留旧题（15道）,7,,Sports team,Part1,Do you like to watch team games? Why?
【Part1】保留旧题（15道）,7,,Sports team,Part1,What are the differences between team sports and individual sports?
【Part1】保留旧题（15道）,8,,Hobby,Part1,Do you have any hobbies?
【Part1】保留旧题（15道）,8,,Hobby,Part1,Did you have any hobbies when you were a child?
【Part1】保留旧题（15道）,8,,Hobby,Part1,Do you have a hobby that you've had since childhood?
【Part1】保留旧题（15道）,8,,Hobby,Part1,Do you have the same hobbies as your family members?
【Part1】保留旧题（15道）,9,,Typing,Part1,Do you prefer typing or handwriting?
【Part1】保留旧题（15道）,9,,Typing,Part1,Do you type on a desktop or laptop keyboard every day?
【Part1】保留旧题（15道）,9,,Typing,Part1,When did you learn how to type on a keyboard?
【Part1】保留旧题（15道）,9,,Typing,Part1,How do you improve your typing?
【Part1】保留旧题（15道）,10,,Building,Part1,Are there tall buildings near your home?
【Part1】保留旧题（15道）,10,,Building,Part1,Do you take photos of buildings?
【Part1】保留旧题（15道）,10,,Building,Part1,Is there a building that you would like to visit?
【Part1】保留旧题（15道）,10,,Building,Part1,Do you want to live in a tall building?
【Part1】保留旧题（15道）,11,,Childhood activities,Part1,What are your favourite activities?
【Part1】保留旧题（15道）,11,,Childhood activities,Part1,What were your favourite activities when you were a child?
【Part1】保留旧题（15道）,11,,Childhood activities,Part1,Did you prefer to do activities alone or with a group of people when you were a child?
【Part1】保留旧题（15道）,11,,Childhood activities,Part1,Are there any differences between the activities you liked when you were a child and those you like now?
【Part1】保留旧题（15道）,12,,Scenery,Part1,Do you look out the window at the scenery when travelling by bus or car?
【Part1】保留旧题（15道）,12,,Scenery,Part1,Do you prefer the mountains or the sea?
【Part1】保留旧题（15道）,12,,Scenery,Part1,Do you like to take pictures of the scenery?
【Part1】保留旧题（15道）,12,,Scenery,Part1,What are the most beautiful sights you have seen while traveling?
【Part1】保留旧题（15道）,13,,View,Part1,Do you like taking pictures of different views?
【Part1】保留旧题（15道）,13,,View,Part1,Do you prefer views in urban areas or rural areas?
【Part1】保留旧题（15道）,13,,View,Part1,Do you prefer views in your own country or in other countries?
【Part1】保留旧题（15道）,13,,View,Part1,Have you ever seen an unforgettable and beautiful view or scenery?
【Part1】保留旧题（15道）,14,,Life Stages,Part1,What did you often do with your friends in your childhood?
【Part1】保留旧题（15道）,14,,Life Stages,Part1,What do you think is the most important at the moment?
【Part1】保留旧题（15道）,14,,Life Stages,Part1,Do you have any plans for the next five years?
【Part1】保留旧题（15道）,14,,Life Stages,Part1,How do people remember each stage of their lives?
【Part1】保留旧题（15道）,14,,Life Stages,Part1,Do you enjoy being the age you are now?
【Part1】保留旧题（15道）,14,,Life Stages,Part1,At what age do you think people are the happiest?
【Part1】保留旧题（15道）,15,,Daily routine,Part1,What is your daily study routine?
【Part1】保留旧题（15道）,15,,Daily routine,Part1,Have you ever changed your routine?
【Part1】保留旧题（15道）,15,,Daily routine,Part1,Do you think it is important to have a daily routine for your study?
【Part1】保留旧题（15道）,15,,Daily routine,Part1,What part of your day do you like best?
【Part1】保留旧题（15道）,15,,Daily routine,Part1,Do you often go to bed late or early?
【Part2&3】保留旧题（25道）,1,,完美工作,Part2,Describe a perfect job you would like to have in the future
【Part2&3】保留旧题（25道）,1,,完美工作,Part3,What kind of job can be called a 'dream job'?
【Part2&3】保留旧题（25道）,1,,完美工作,Part3,What jobs do children want to do when they grow up?
【Part2&3】保留旧题（25道）,1,,完美工作,Part3,Do people's ideal jobs change as they grow up?
【Part2&3】保留旧题（25道）,1,,完美工作,Part3,What should people consider when choosing jobs?
【Part2&3】保留旧题（25道）,1,,完美工作,Part3,ls salary the main reason people choose a certain job?
【Part2&3】保留旧题（25道）,1,,完美工作,Part3,What kind of jobs are the most popular in your country?
【Part2&3】保留旧题（25道）,2,,想见的名人,Part2,Describe a famous person you would like to meet
【Part2&3】保留旧题（25道）,2,,想见的名人,Part3,What are the advantages and disadvantages of being a famous child?
【Part2&3】保留旧题（25道）,2,,想见的名人,Part3,What can today's children do to become famous?
【Part2&3】保留旧题（25道）,2,,想见的名人,Part3,What can children do with their fame?
【Part2&3】保留旧题（25道）,2,,想见的名人,Part3,Do people become famous because of their talent?
【Part2&3】保留旧题（25道）,2,,想见的名人,Part3,Is it easy to become famous in your country?
【Part2&3】保留旧题（25道）,2,,想见的名人,Part3,Do you want to be a famous person?
【Part2&3】保留旧题（25道）,3,,禁止用手机的场合,Part2,Describe an occasion when you were not allowed to use your mobile phone
【Part2&3】保留旧题（25道）,3,,禁止用手机的场合,Part3,How do young and old people use mobile phones differently?
【Part2&3】保留旧题（25道）,3,,禁止用手机的场合,Part3,What positive and negative impact do mobile phones have on friendship?
【Part2&3】保留旧题（25道）,3,,禁止用手机的场合,Part3,ls it a waste of time to take pictures with mobile phones?
【Part2&3】保留旧题（25道）,3,,禁止用手机的场合,Part3,Do you think it is necessary to have laws on the use of mobile phones?
【Part2&3】保留旧题（25道）,3,,禁止用手机的场合,Part3,What are examples of good and poor phone manners?
【Part2&3】保留旧题（25道）,3,,禁止用手机的场合,Part3,How does the internet benefit people?
【Part2&3】保留旧题（25道）,4,,微笑的场合,Part2,Describe an occasion when many people were smiling
【Part2&3】保留旧题（25道）,4,,微笑的场合,Part3,Do you think people who like to smile are more friendly?
【Part2&3】保留旧题（25道）,4,,微笑的场合,Part3,Why do most people smile in photographs?
【Part2&3】保留旧题（25道）,4,,微笑的场合,Part3,Do women smile more than men? Why?
【Part2&3】保留旧题（25道）,4,,微笑的场合,Part3,Do people smile more when they are younger or older?
【Part2&3】保留旧题（25道）,4,,微笑的场合,Part3,Is smiling important in your culture?
【Part2&3】保留旧题（25道）,4,,微笑的场合,Part3,Are there any occasions when people need to pretend to smile?
【Part2&3】保留旧题（25道）,5,,为家人骄傲,Part2,Describe a time when you felt proud of a family member
【Part2&3】保留旧题（25道）,5,,为家人骄傲,Part3,When would parents feel proud of their children?
【Part2&3】保留旧题（25道）,5,,为家人骄傲,Part3,Should parents reward children? Why and how?
【Part2&3】保留旧题（25道）,5,,为家人骄傲,Part3,ls it good to reward children too often? Why?
【Part2&3】保留旧题（25道）,5,,为家人骄傲,Part3,On what occasions would adults be proud of themselves?
【Part2&3】保留旧题（25道）,5,,为家人骄傲,Part3,Do rewards help a child become better?
【Part2&3】保留旧题（25道）,5,,为家人骄傲,Part3,What do you think about children working hard just for grades?
【Part2&3】保留旧题（25道）,6,,给别人建议,Part2,Describe a time when you gave advice to others
【Part2&3】保留旧题（25道）,6,,给别人建议,Part3,Should people prepare before giving advice?
【Part2&3】保留旧题（25道）,6,,给别人建议,Part3,ls it good to ask advice from strangers online?
【Part2&3】保留旧题（25道）,6,,给别人建议,Part3,What are the personalities of people whose job is to give advice to others?
【Part2&3】保留旧题（25道）,6,,给别人建议,Part3,What are the problems if you ask too many people for advice?
【Part2&3】保留旧题（25道）,6,,给别人建议,Part3,Why do some people think it is better to ask for advice from friends than from parents?
【Part2&3】保留旧题（25道）,6,,给别人建议,Part3,When would old people ask young people for advice?
【Part2&3】保留旧题（25道）,7,,喜欢画画的孩子,Part2,Describe a child who loves drawing/painting
【Part2&3】保留旧题（25道）,7,,喜欢画画的孩子,Part3,What is the right age for a child to learn drawing?
【Part2&3】保留旧题（25道）,7,,喜欢画画的孩子,Part3,Why do most children draw more often than adults do?
【Part2&3】保留旧题（25道）,7,,喜欢画画的孩子,Part3,Why do some people visit galleries or museums instead of viewing artworks online?
【Part2&3】保留旧题（25道）,7,,喜欢画画的孩子,Part3,Do you think galleries and museums should be free of charge?
【Part2&3】保留旧题（25道）,7,,喜欢画画的孩子,Part3,How do artworks inspire people?
【Part2&3】保留旧题（25道）,7,,喜欢画画的孩子,Part3,What are the differences between reading a book and visiting a museum?
【Part2&3】保留旧题（25道）,8,,擅长做计划的人,Part2,Describe a person who makes plans a lot and is good at planning
【Part2&3】保留旧题（25道）,8,,擅长做计划的人,Part3,Do you think it's important to plan ahead?
【Part2&3】保留旧题（25道）,8,,擅长做计划的人,Part3,What activities do we need to plan ahead?
【Part2&3】保留旧题（25道）,8,,擅长做计划的人,Part3,Do you think children should plan their future careers?
【Part2&3】保留旧题（25道）,8,,擅长做计划的人,Part3,Should children ask their teachers or parents for advice when making plans?
【Part2&3】保留旧题（25道）,8,,擅长做计划的人,Part3,Is making study plans popular among young people?
【Part2&3】保留旧题（25道）,8,,擅长做计划的人,Part3,Do you think choosing a college major is closely related to a future career?
【Part2&3】保留旧题（25道）,9,,Apps/程序,Part2,Describe a program or app on your computer or phone
【Part2&3】保留旧题（25道）,9,,Apps/程序,Part3,What are the differences between old and young people when using apps?
【Part2&3】保留旧题（25道）,9,,Apps/程序,Part3,Why do some people not like using apps?
【Part2&3】保留旧题（25道）,9,,Apps/程序,Part3,What apps are popular in your country? Why?
【Part2&3】保留旧题（25道）,9,,Apps/程序,Part3,Should parents limit their children's use of computer programs and computer games?
【Part2&3】保留旧题（25道）,9,,Apps/程序,Part3,Do you think young people rely more and more on these programs?
【Part2&3】保留旧题（25道）,9,,Apps/程序,Part3,What do you think about some countries banning children from using social media?
【Part2&3】保留旧题（25道）,10,,想拥有的科技产品,Part2,Describe a piece of technology (not a phone) that you would like to own
【Part2&3】保留旧题（25道）,10,,想拥有的科技产品,Part3,What are the differences between the technology of the past and that of today?
【Part2&3】保留旧题（25道）,10,,想拥有的科技产品,Part3,What technology do young people like to use?
【Part2&3】保留旧题（25道）,10,,想拥有的科技产品,Part3,What are the differences between online and face-to-face communication?
【Part2&3】保留旧题（25道）,10,,想拥有的科技产品,Part3,Do you think technology has changed the way people communicate?
【Part2&3】保留旧题（25道）,10,,想拥有的科技产品,Part3,What negative effects does technology have on people's relationships?
【Part2&3】保留旧题（25道）,10,,想拥有的科技产品,Part3,What are the differences between making friends in real life and online?
【Part2&3】保留旧题（25道）,11,,自行车/摩托车/汽车旅行（1.30）,Part2,Describe a bicycle/motorcycle/car trip you would like to take
【Part2&3】保留旧题（25道）,11,,自行车/摩托车/汽车旅行（1.30）,Part3,"Which form of vehicle is more popular in your country, bikes, cars or motorcycles?"
【Part2&3】保留旧题（25道）,11,,自行车/摩托车/汽车旅行（1.30）,Part3,Do you think air pollution comes mostly from motor vehicles?
【Part2&3】保留旧题（25道）,11,,自行车/摩托车/汽车旅行（1.30）,Part3,Do you think people need to change the way of transportation drastically to protect the environment?
【Part2&3】保留旧题（25道）,11,,自行车/摩托车/汽车旅行（1.30）,Part3,How are the transportation systems in urban areas and rural areas different?
【Part2&3】保留旧题（25道）,11,,自行车/摩托车/汽车旅行（1.30）,Part3,Why do more people own and drive private vehicles now?
【Part2&3】保留旧题（25道）,11,,自行车/摩托车/汽车旅行（1.30）,Part3,What do you think of the future of electric cars?
【Part2&3】保留旧题（25道）,12,,对家庭重要的东西,Part2,Describe something important that has been kept in your family for a long time
【Part2&3】保留旧题（25道）,12,,对家庭重要的东西,Part3,What things do families keep for a long time?
【Part2&3】保留旧题（25道）,12,,对家庭重要的东西,Part3,What's the difference between things valued by people in the past and today?
【Part2&3】保留旧题（25道）,12,,对家庭重要的东西,Part3,What kinds of things are kept in museums?
【Part2&3】保留旧题（25道）,12,,对家庭重要的东西,Part3,What's the influence of technology on museums?
【Part2&3】保留旧题（25道）,12,,对家庭重要的东西,Part3,What are the benefits of technology for learning history?
【Part2&3】保留旧题（25道）,12,,对家庭重要的东西,Part3,Why do people visit museums?
【Part2&3】保留旧题（25道）,13,,机智解决问题的人,Part2,Describe a person who solved a problem in a smart way
【Part2&3】保留旧题（25道）,13,,机智解决问题的人,Part3,Do you think children are born smart or do they learn to become smart?
【Part2&3】保留旧题（25道）,13,,机智解决问题的人,Part3,How do children become smart at school?
【Part2&3】保留旧题（25道）,13,,机智解决问题的人,Part3,Why are some people well-rounded and others only good at one thing?
【Part2&3】保留旧题（25道）,13,,机智解决问题的人,Part3,Why does modern society need talents of all kinds?
【Part2&3】保留旧题（25道）,13,,机智解决问题的人,Part3,Do you think smart children are happier than other children?
【Part2&3】保留旧题（25道）,13,,机智解决问题的人,Part3,Is it important for schools to identify and develop each student's talents?
【Part2&3】保留旧题（25道）,14,,不享受的音乐活动,Part2,Describe an event you attended in which you didn't enjoy the music played
【Part2&3】保留旧题（25道）,14,,不享受的音乐活动,Part3,What kind of music events do people like today?
【Part2&3】保留旧题（25道）,14,,不享受的音乐活动,Part3,Do you think children should receive some musical education?
【Part2&3】保留旧题（25道）,14,,不享受的音乐活动,Part3,What are the differences between old and young people's music preferences?
【Part2&3】保留旧题（25道）,14,,不享受的音乐活动,Part3,What kind of music events are there in your country?
【Part2&3】保留旧题（25道）,14,,不享受的音乐活动,Part3,Why do many people like listening to music while doing sports?
【Part2&3】保留旧题（25道）,14,,不享受的音乐活动,Part3,What are the differences between listening to music at home and at a live concert?
【Part2&3】保留旧题（25道）,15,,近期观影,Part2,Describe a movie you watched and enjoyed recently
【Part2&3】保留旧题（25道）,15,,近期观影,Part3,What kinds of movies do you think are successful in your country?
【Part2&3】保留旧题（25道）,15,,近期观影,Part3,What are the factors that make a successful movie?
【Part2&3】保留旧题（25道）,15,,近期观影,Part3,Do Chinese people prefer to watch domestic movies or foreign movies?
【Part2&3】保留旧题（25道）,15,,近期观影,Part3,Do you think only well-known directors can create the best movies?
【Part2&3】保留旧题（25道）,15,,近期观影,Part3,Do you think successful movies should have well-known actors or actresses in leading roles?
【Part2&3】保留旧题（25道）,15,,近期观影,Part3,Why do people prefer to watch movies in the cinema?
【Part2&3】保留旧题（25道）,16,,朋友自学,Part2,Describe one of your friends who learned something without a teacher
【Part2&3】保留旧题（25道）,16,,朋友自学,Part3,Is it necessary to keep learning after graduating from school?
【Part2&3】保留旧题（25道）,16,,朋友自学,Part3,Should teachers make learning in their classes fun?
【Part2&3】保留旧题（25道）,16,,朋友自学,Part3,Do you think there are too many subjects for students to learn?
【Part2&3】保留旧题（25道）,16,,朋友自学,Part3,Is it better to focus on a few subjects or to learn many subjects?
【Part2&3】保留旧题（25道）,16,,朋友自学,Part3,Do you think enterprises should provide training for their employees?
【Part2&3】保留旧题（25道）,16,,朋友自学,Part3,Do you think it is good for older adults to continue learning?
【Part2&3】保留旧题（25道）,17,,有趣的建筑,Part2,Describe an interesting building
【Part2&3】保留旧题（25道）,17,,有趣的建筑,Part3,What types of buildings are popular in your country?
【Part2&3】保留旧题（25道）,17,,有趣的建筑,Part3,Is it worth spending a lot of money on the exterior appearance of a building?
【Part2&3】保留旧题（25道）,17,,有趣的建筑,Part3,Is it more important for a building to look good on the outside or on the inside?
【Part2&3】保留旧题（25道）,17,,有趣的建筑,Part3,Why do people like to visit historical sites?
【Part2&3】保留旧题（25道）,17,,有趣的建筑,Part3,Do you think it's reasonable to charge an entry fee for visiting interesting buildings?
【Part2&3】保留旧题（25道）,17,,有趣的建筑,Part3,Is it better to live in a new building or an old one?
【Part2&3】保留旧题（25道）,18,,发挥想象力,Part2,Describe a time you needed to use your imagination
【Part2&3】保留旧题（25道）,18,,发挥想象力,Part3,Do you think adults can have lots of imagination?
【Part2&3】保留旧题（25道）,18,,发挥想象力,Part3,Do you think imagination is essential for scientists?
【Part2&3】保留旧题（25道）,18,,发挥想象力,Part3,What kinds of jobs need imagination?
【Part2&3】保留旧题（25道）,18,,发挥想象力,Part3,What subjects are helpful for children's imagination?
【Part2&3】保留旧题（25道）,18,,发挥想象力,Part3,What games help develop children's imagination?
【Part2&3】保留旧题（25道）,18,,发挥想象力,Part3,How important is imagination to children?
【Part2&3】保留旧题（25道）,19,,花费超过预期的物品,Part2,Describe an item on which you spent more than expected
【Part2&3】保留旧题（25道）,19,,花费超过预期的物品,Part3,Do you often buy more than you expected?
【Part2&3】保留旧题（25道）,19,,花费超过预期的物品,Part3,What do you think young people spend most of their money on?
【Part2&3】保留旧题（25道）,19,,花费超过预期的物品,Part3,Do you think it is important to save money? Why?
【Part2&3】保留旧题（25道）,19,,花费超过预期的物品,Part3,Do people buy things they don't need?
【Part2&3】保留旧题（25道）,19,,花费超过预期的物品,Part3,Do you think it is the rich people's responsibility to donate money to people in need?
【Part2&3】保留旧题（25道）,19,,花费超过预期的物品,Part3,What kind of things are people happy to pay a high price for?
【Part2&3】保留旧题（25道）,20,,乐于助人的人,Part2,Describe a person who often helps others
【Part2&3】保留旧题（25道）,20,,乐于助人的人,Part3,What can children do to help their parents?
【Part2&3】保留旧题（25道）,20,,乐于助人的人,Part3,Should children help their parents with household chores?
【Part2&3】保留旧题（25道）,20,,乐于助人的人,Part3,What kind of help do people need when looking for a new job?
【Part2&3】保留旧题（25道）,20,,乐于助人的人,Part3,"Who should people ask for help, colleagues or family members?"
【Part2&3】保留旧题（25道）,20,,乐于助人的人,Part3,Do you think schools should teach children to do household chores?
【Part2&3】保留旧题（25道）,20,,乐于助人的人,Part3,Why are employees reluctant to ask their managers for help?
【Part2&3】保留旧题（25道）,21,,鼓励别人做不愿做的事,Part2,Describe a time when you encouraged someone to do something that he/she didn't want to do
【Part2&3】保留旧题（25道）,21,,鼓励别人做不愿做的事,Part3,How can leaders encourage their employees?
【Part2&3】保留旧题（25道）,21,,鼓励别人做不愿做的事,Part3,When should parents encourage their children?
【Part2&3】保留旧题（25道）,21,,鼓励别人做不愿做的事,Part3,What kind of encouragement should parents give?
【Part2&3】保留旧题（25道）,21,,鼓励别人做不愿做的事,Part3,Do you think some people are better than others at persuading?
【Part2&3】保留旧题（25道）,21,,鼓励别人做不愿做的事,Part3,Should children do everything their parents ask them to do?
【Part2&3】保留旧题（25道）,21,,鼓励别人做不愿做的事,Part3,How can employers encourage their staff?
【Part2&3】保留旧题（25道）,22,,想从事的短期海外工作,Part2,Describe a short-term job you want to have in a foreign country
【Part2&3】保留旧题（25道）,22,,想从事的短期海外工作,Part3,What short-term jobs do young people do in other countries?
【Part2&3】保留旧题（25道）,22,,想从事的短期海外工作,Part3,What challenges do young people face when working abroad?
【Part2&3】保留旧题（25道）,22,,想从事的短期海外工作,Part3,What are the benefits of working for an international company?
【Part2&3】保留旧题（25道）,22,,想从事的短期海外工作,Part3,What personal skills are required to work in an international company?
【Part2&3】保留旧题（25道）,22,,想从事的短期海外工作,Part3,What kind of work can young people do in foreign countries?
【Part2&3】保留旧题（25道）,22,,想从事的短期海外工作,Part3,Why are some people unwilling to work in other countries?
【Part2&3】保留旧题（25道）,23,,爱护自然的人,Part2,Describe a person who likes to look after the natural world​
【Part2&3】保留旧题（25道）,23,,爱护自然的人,Part3,Do you think parents should teach their children how to protect the environment?
【Part2&3】保留旧题（25道）,23,,爱护自然的人,Part3,What laws about the environment are effective in your country?
【Part2&3】保留旧题（25道）,23,,爱护自然的人,Part3,"Which do you think people prefer, rewards or punishment, when it comes to government intervention in environmental protection?"
【Part2&3】保留旧题（25道）,23,,爱护自然的人,Part3,Is it easy for children in cities to get close to the natural world?
【Part2&3】保留旧题（25道）,23,,爱护自然的人,Part3,What can people do to protect the natural world?
【Part2&3】保留旧题（25道）,23,,爱护自然的人,Part3,Is it important to teach students environmental protection at school?
【Part2&3】保留旧题（25道）,24,,去过且喜欢的城市,Part2,Describe a city you enjoyed visiting
【Part2&3】保留旧题（25道）,24,,去过且喜欢的城市,Part3,What kinds of facilities do big cities have?
【Part2&3】保留旧题（25道）,24,,去过且喜欢的城市,Part3,Do you think modern cities are suitable for young people or old people?
【Part2&3】保留旧题（25道）,24,,去过且喜欢的城市,Part3,"Before you travel to a city, what factors would you consider?"
【Part2&3】保留旧题（25道）,24,,去过且喜欢的城市,Part3,What are the disadvantages of living in a very famous city?
【Part2&3】保留旧题（25道）,24,,去过且喜欢的城市,Part3,Do you prefer to visit well-developed cities or cities with a long history?
【Part2&3】保留旧题（25道）,24,,去过且喜欢的城市,Part3,"For those who live in cities, is it because they want to or have to?"
【Part2&3】保留旧题（25道）,25,,购物场所,Part2,Describe a place where you enjoy shopping
【Part2&3】保留旧题（25道）,25,,购物场所,Part3,Why do people buy things they don’t need?
【Part2&3】保留旧题（25道）,25,,购物场所,Part3,Do you think it’s a waste of time to go shopping?
【Part2&3】保留旧题（25道）,25,,购物场所,Part3,Why are some people keen on shopping?
【Part2&3】保留旧题（25道）,25,,购物场所,Part3,What kind of people like shopping?
【Part2&3】保留旧题（25道）,25,,购物场所,Part3,Where do people like to shop in your country?
【Part2&3】保留旧题（25道）,25,,购物场所,Part3,Do you think women like shopping more than men?
